{
    "1": {
        "id": 1,
        "name": "Политика",
        "slug": "politics"
    },
    "2": {
        "id": 2,
        "name": "В мире",
        "slug": "world"
    },
    "3": {
        "id": 3,
        "name": "Экономика",
        "slug": "economy"
    },
    "4": {
        "id": 4,
        "name": "Общество",
        "slug": "society"
    },
    "5": {
        "id": 5,
        "name": "Проишествия",
        "slug": "incidents"
    },
    "6": {
        "id": 6,
        "name": "Безопасность",
        "slug": "defense_safety"
    },
    "7": {
        "id": 7,
        "name": "Наука",
        "slug": "science"
    }
}