[
    {
        "id": 1,
        "title": "Новость 1",
        "text": "Рим трещит по швам. Как долго продержится новый премьер-министр Италии",
        "category_id": 1,
        "slug": "news1",
        "isPrivate": true,
        "image": null
    },
    {
        "id": 2,
        "title": "Новость 2",
        "text": "В ДНР откроют общественные приемные \"Единой России\"",
        "category_id": 1,
        "slug": "news2",
        "isPrivate": false,
        "image": null
    },
    {
        "id": 3,
        "title": "Новость 3",
        "text": "Источник: Госдума и Минобороны договорились о встречах в закрытых форматах",
        "category_id": 1,
        "slug": "news3",
        "isPrivate": true,
        "image": null
    },
    {
        "id": 4,
        "title": "Новость 4",
        "text": "В ЛНР более 22 000 человек вступили в \"Единую Россию\"",
        "category_id": 1,
        "slug": "news4",
        "isPrivate": false,
        "image": null
    },
    {
        "id": 5,
        "title": "Новость 5",
        "text": "Песков не исключил телефонного разговора Путина с Эрдоганом",
        "category_id": 1,
        "slug": "news5",
        "isPrivate": true,
        "image": null
    },
    {
        "id": 1,
        "title": "Новость 1",
        "text": "СК расследует обстоятельства нападения на генконсульство России в Лейпциге",
        "category_id": 2,
        "slug": "news1",
        "isPrivate": false,
        "image": null
    },
    {
        "id": 2,
        "title": "Новость 2",
        "text": "Трампу направили повестку для дачи показаний в конгрессе",
        "category_id": 2,
        "slug": "news2",
        "isPrivate": true,
        "image": null
    },
    {
        "id": 3,
        "title": "Новость 3",
        "text": "СМИ: изъятые ФБР из дома Трампа секретные документы касались Ирана и Китая",
        "category_id": 2,
        "slug": "news3",
        "isPrivate": false,
        "image": null
    },
    {
        "id": 4,
        "title": "Новость 4",
        "text": "В ООН обратили внимание на слова Данилова о русском языке на Украине",
        "category_id": 2,
        "slug": "news4",
        "isPrivate": true,
        "image": null
    },
    {
        "id": 5,
        "title": "Новость 5",
        "text": "Немецкий Штральзунд хочет стать посредником в диалоге России и Украины",
        "category_id": 2,
        "slug": "news5",
        "isPrivate": false,
        "image": null
    },
    {
        "id": 1,
        "title": "Новость 1",
        "text": "Армения может занять освободившиеся ниши на рынке России, заявил Решетников",
        "category_id": 3,
        "slug": "news1",
        "isPrivate": true,
        "image": null
    },
    {
        "id": 2,
        "title": "Новость 2",
        "text": "РЭЦ: качество товаров из РФ позволяет ими гордиться",
        "category_id": 3,
        "slug": "news2",
        "isPrivate": false,
        "image": null
    },
    {
        "id": 3,
        "title": "Новость 3",
        "text": "В Волгограде запустили первое в России производство 5D-принтеров",
        "category_id": 3,
        "slug": "news3",
        "isPrivate": true,
        "image": null
    },
    {
        "id": 4,
        "title": "Новость 4",
        "text": "Эксперты: бизнесу важно оценить свою ESG-зрелость при \"повороте на Восток\"",
        "category_id": 3,
        "slug": "news4",
        "isPrivate": false,
        "image": null
    },
    {
        "id": 5,
        "title": "Новость 5",
        "text": "В Мордовии начали выпускать вагоны и контейнеры из алюминия",
        "category_id": 3,
        "slug": "news5",
        "isPrivate": true,
        "image": null
    },
    {
        "id": 1,
        "title": "Новость 1",
        "text": "Участок Замоскворецкой линии метро закроют на полгода",
        "category_id": 4,
        "slug": "news1",
        "isPrivate": false,
        "image": null
    },
    {
        "id": 2,
        "title": "Новость 2",
        "text": "Пермский край запускает программу по благоустройству школьных дворов",
        "category_id": 4,
        "slug": "news2",
        "isPrivate": true,
        "image": null
    },
    {
        "id": 3,
        "title": "Новость 3",
        "text": "Жителей новых регионов не принуждают отказываться от гражданства Украины",
        "category_id": 4,
        "slug": "news3",
        "isPrivate": false,
        "image": null
    },
    {
        "id": 4,
        "title": "Новость 4",
        "text": "Минюст включил общество \"Иновещание\"* в реестр СМИ-иноагентов",
        "category_id": 4,
        "slug": "news4",
        "isPrivate": true,
        "image": null
    },
    {
        "id": 5,
        "title": "Новость 5",
        "text": "В Тюменской области ввели меры поддержки для участников спецоперации",
        "category_id": 4,
        "slug": "news5",
        "isPrivate": false,
        "image": null
    },
    {
        "id": 1,
        "title": "Новость 1",
        "text": "СК расследует обстоятельства нападения на генконсульство России в Лейпциге",
        "category_id": 5,
        "slug": "news1",
        "isPrivate": true,
        "image": null
    },
    {
        "id": 2,
        "title": "Новость 2",
        "text": "СК зафиксирует факты обстрелов Украиной Белгородской области и ДНР",
        "category_id": 5,
        "slug": "news2",
        "isPrivate": false,
        "image": null
    },
    {
        "id": 3,
        "title": "Новость 3",
        "text": "В Белгородской области при попадании снаряда ВСУ произошел пожар",
        "category_id": 5,
        "slug": "news3",
        "isPrivate": true,
        "image": null
    },
    {
        "id": 4,
        "title": "Новость 4",
        "text": "Минюст включил общество \"Иновещание\"* в реестр СМИ-иноагентов",
        "category_id": 5,
        "slug": "news4",
        "isPrivate": false,
        "image": null
    },
    {
        "id": 5,
        "title": "Новость 5",
        "text": "На Кольцевой линии Московского метро поезда не идут против часовой стрелки",
        "category_id": 5,
        "slug": "news5",
        "isPrivate": true,
        "image": null
    },
    {
        "id": 1,
        "title": "Новость 1",
        "text": "Артиллеристы из ДНР показали видео контрбатарейной борьбы",
        "category_id": 6,
        "slug": "news1",
        "isPrivate": false,
        "image": null
    },
    {
        "id": 2,
        "title": "Новость 2",
        "text": "Министр обороны США призвал Шойгу поддерживать коммуникации",
        "category_id": 6,
        "slug": "news2",
        "isPrivate": true,
        "image": null
    },
    {
        "id": 3,
        "title": "Новость 3",
        "text": "Шойгу поговорил по телефону с министром обороны США",
        "category_id": 6,
        "slug": "news3",
        "isPrivate": false,
        "image": null
    },
    {
        "id": 4,
        "title": "Новость 4",
        "text": "Херсонские власти заявили о готовности оборонять город до последнего",
        "category_id": 6,
        "slug": "news4",
        "isPrivate": true,
        "image": null
    },
    {
        "id": 5,
        "title": "Новость 5",
        "text": "\"Крыша поехала\": поляков вывела из себя публикация Дуды в поддержку Украины",
        "category_id": 6,
        "slug": "news5",
        "isPrivate": false,
        "image": null
    },
    {
        "id": 1,
        "title": "Новость 1",
        "text": "\"Роскосмос\" назвал время пуска ракеты с грузовиком \"Прогресс МС-21\"",
        "category_id": 7,
        "slug": "news1",
        "isPrivate": true,
        "image": null
    },
    {
        "id": 2,
        "title": "Новость 2",
        "text": "Российские инженеры научились проектировать многоэтажки за полчаса",
        "category_id": 7,
        "slug": "news2",
        "isPrivate": false,
        "image": null
    },
    {
        "id": 3,
        "title": "Новость 3",
        "text": "Российские ученые придумали, как эффективно \"чинить\" ткани организма",
        "category_id": 7,
        "slug": "news3",
        "isPrivate": true,
        "image": null
    },
    {
        "id": 4,
        "title": "Новость 4",
        "text": "Не в океане. Ученые опровергли основную теорию зарождения жизни",
        "category_id": 7,
        "slug": "news4",
        "isPrivate": false,
        "image": null
    },
    {
        "id": 5,
        "title": "Новость 5",
        "text": "\"Роскосмос\" будет активнее развивать коммерческую отрасль, заявил Борисов",
        "category_id": 7,
        "slug": "news5",
        "isPrivate": true,
        "image": null
    },
    {
        "id": 35,
        "title": "В мире",
        "text": "Тысячи британцев вышли на шествия, требуя реформ системы ухода за детьми",
        "category_id": 2,
        "slug": "news35",
        "isPrivate": false,
        "image": null
    },
    {
        "id": 36,
        "title": "Аэрофлот",
        "text": "\"Аэрофлот\" возобновил продажу билетов в офисах и контакт-центре",
        "category_id": 3,
        "slug": "news36",
        "isPrivate": true,
        "image": null
    },
    {
        "id": 37,
        "title": "Специальная военная операция на Украине",
        "text": "Житель Мариуполя рассказал, как пошел в ВСУ для оплаты лечения бабушки",
        "category_id": 4,
        "slug": "news37",
        "isPrivate": false,
        "image": null
    },
    {
        "title": "Российские ученые разрабатывают лекарство от опасной болезни мышц",
        "category_id": 7,
        "text": "Российские ученые обнаружили нового молекулярного \"виновника\" развития опасной болезни мышц, миодистрофии Дюшенна, и предложили потенциальное лекарство от этого тяжелого недуга, сообщили РИА Новости в министерстве науки и высшего образования РФ.\r\nМиодистрофия Дюшенна - тяжелое наследственное заболевание мышечной системы, от которого пока нет доступных и достаточно эффективных лекарств. Причина этой болезни - мутация гена белка дистрофина, который отвечает за прочность, стабильность и функциональную активность мышечных волокон.",
        "id": 38,
        "isPrivate": false,
        "slug": "news38",
        "image": null
    },
    {
        "title": "Замглавы МИД обсудил с представителем ООН выполнение продуктовой сделки",
        "category_id": 1,
        "text": "МОСКВА, 3 ноя - РИА Новости. Замглавы российского МИД Сергей Вершинин обсудил с генеральным секретарем Конференции ООН по торговле и развитию (ЮНКТАД) Ребекой Гринспан выполнение российской части продуктовой сделки, стороны договорились о дальнейших контактах, заявили в МИД РФ по итогам телефонного разговора.\r\n\"В ходе беседы обсуждены основные вопросы, связанные с выполнением Меморандума о взаимопонимании между Россией и Секретариатом ООН о содействии продвижению российских продуктов питания и удобрений на мировые рынки. Подчеркнута необходимость реализации ооновской стороной взятых на себя обязательств в рамках Меморандума\", - сообщили в МИД.\r\n\"Условлено о дальнейших контактах для координации усилий в интересах обеспечения глобальной продовольственной безопасности\", - подчеркнули в дипведомстве.\r\nРанее в российском МИД заявили, что возвращение Москвы в зерновую сделку не означает ее автоматического продления после 18 ноября. Одна из главных озабоченностей российской стороны связана с тем, что не выполняется вторая часть пакетного соглашения: в отличие от разблокировки украинского экспорта, ситуация с вывозом российского зерна и удобрений остается неурегулированной.",
        "id": 39,
        "isPrivate": false,
        "slug": "news39",
        "image": null
    },
    {
        "title": "32423",
        "category_id": 1,
        "text": "23423423",
        "loadImage": [],
        "id": 40,
        "isPrivate": false,
        "slug": "news40",
        "image": null
    },
    {
        "title": "Молдавский депутат сравнил иск против \"Газпрома\" с сумасшествием",
        "category_id": 3,
        "text": "КИШИНЕВ, 8 ноя - РИА Новости. Идею властей Молдавии подать в суд на \"Газпром\" можно сравнить с сумасшествием, тем более, что стране это не поможет, заявил депутат-коммунист, член молдавской парламентской комиссии по экономике, бюджету и финансам Олег Рейдман в комментарии РИА Новости.\r\nРанее вице-премьер, министр инфраструктуры Андрей Спыну сообщил, что в ноябре Молдавия получит от \"Газпрома\" 51% от необходимого стране объема газа. Из-за этого, по его словам, власти страны могут подать в суд на \"Газпром\", поскольку российский концерн нарушает контракт, сокращая объемы поставок газа в республику",
        "image": "\/storage\/img\/etsz8jAvBZyT4CxLLaITWgclKrWSx6HQ8OPgrqVR.jpg",
        "id": 41,
        "isPrivate": false,
        "slug": "news41"
    }
]